page,url,kind,filename,machine-status,blurry-food,duplicated-objects,ai-artifacts,wrong-shadows,unrealistic-hands,melted-textures,incorrect-labels,unreadable-containers,unrealistic-fridge-interiors
/authors/james-okafor/,/authors/james-okafor/,author,portrait,james-okafor-portrait.webp,pending,pending,pending,pending,pending,pending,pending,pending,pending,pending
/authors/rebecca-torres/,/authors/rebecca-torres/,author,portrait,rebecca-torres-rd-portrait.webp,pending,pending,pending,pending,pending,pending,pending,pending,pending,pending
/about/,/about/,about,hero,about-us-hero.avif,pending,pending,pending,pending,pending,pending,pending,pending,pending,pending
/contact/,/contact/,contact,hero,contact-us-hero.avif,pending,pending,pending,pending,pending,pending,pending,pending,pending,pending
/pantry-organization/how-to-label-pantry-containers/,/pantry-organization/how-to-label-pantry-containers/,pantryGuide,hero,label-pantry-containers-hero.avif,pending,pending,pending,pending,pending,pending,pending,pending,pending,pending
/pantry-organization/how-to-label-pantry-containers/,/pantry-organization/how-to-label-pantry-containers/,pantryGuide,support,label-pantry-containers-support-1.avif,pending,pending,pending,pending,pending,pending,pending,pending,pending,pending
/pantry-organization/how-to-label-pantry-containers/,/pantry-organization/how-to-label-pantry-containers/,pantryGuide,pinterest,label-pantry-containers-pinterest.webp,pending,pending,pending,pending,pending,pending,pending,pending,pending,pending
/pantry-organization/how-to-label-pantry-containers/,/pantry-organization/how-to-label-pantry-containers/,pantryGuide,og,label-pantry-containers-og.jpg,pending,pending,pending,pending,pending,pending,pending,pending,pending,pending
/pantry-organization/how-to-organize-your-pantry/,/pantry-organization/how-to-organize-your-pantry/,pantryGuide,hero,organize-pantry-hero.avif,pending,pending,pending,pending,pending,pending,pending,pending,pending,pending
/pantry-organization/how-to-organize-your-pantry/,/pantry-organization/how-to-organize-your-pantry/,pantryGuide,support,organize-pantry-support-1.avif,pending,pending,pending,pending,pending,pending,pending,pending,pending,pending
/pantry-organization/how-to-organize-your-pantry/,/pantry-organization/how-to-organize-your-pantry/,pantryGuide,pinterest,organize-pantry-pinterest.webp,pending,pending,pending,pending,pending,pending,pending,pending,pending,pending
/pantry-organization/how-to-organize-your-pantry/,/pantry-organization/how-to-organize-your-pantry/,pantryGuide,og,organize-pantry-og.jpg,pending,pending,pending,pending,pending,pending,pending,pending,pending,pending
/pantry-organization/how-to-store-pantry-staples/,/pantry-organization/how-to-store-pantry-staples/,pantryGuide,hero,store-pantry-staples-hero.avif,pending,pending,pending,pending,pending,pending,pending,pending,pending,pending
/pantry-organization/how-to-store-pantry-staples/,/pantry-organization/how-to-store-pantry-staples/,pantryGuide,support,store-pantry-staples-support-1.avif,pending,pending,pending,pending,pending,pending,pending,pending,pending,pending
/pantry-organization/how-to-store-pantry-staples/,/pantry-organization/how-to-store-pantry-staples/,pantryGuide,pinterest,store-pantry-staples-pinterest.webp,pending,pending,pending,pending,pending,pending,pending,pending,pending,pending
/pantry-organization/how-to-store-pantry-staples/,/pantry-organization/how-to-store-pantry-staples/,pantryGuide,og,store-pantry-staples-og.jpg,pending,pending,pending,pending,pending,pending,pending,pending,pending,pending
/pantry-organization/pantry-container-guide/,/pantry-organization/pantry-container-guide/,pantryGuide,hero,best-pantry-containers-hero.avif,pending,pending,pending,pending,pending,pending,pending,pending,pending,pending
/pantry-organization/pantry-container-guide/,/pantry-organization/pantry-container-guide/,pantryGuide,support,best-pantry-containers-support-1.avif,pending,pending,pending,pending,pending,pending,pending,pending,pending,pending
/pantry-organization/pantry-container-guide/,/pantry-organization/pantry-container-guide/,pantryGuide,pinterest,best-pantry-containers-pinterest.webp,pending,pending,pending,pending,pending,pending,pending,pending,pending,pending
/pantry-organization/pantry-container-guide/,/pantry-organization/pantry-container-guide/,pantryGuide,og,best-pantry-containers-og.jpg,pending,pending,pending,pending,pending,pending,pending,pending,pending,pending
/pantry-organization/pantry-inventory-checklist/,/pantry-organization/pantry-inventory-checklist/,pantryGuide,hero,pantry-inventory-checklist-hero.avif,pending,pending,pending,pending,pending,pending,pending,pending,pending,pending
/pantry-organization/pantry-inventory-checklist/,/pantry-organization/pantry-inventory-checklist/,pantryGuide,support,pantry-inventory-checklist-support-1.avif,pending,pending,pending,pending,pending,pending,pending,pending,pending,pending
/pantry-organization/pantry-inventory-checklist/,/pantry-organization/pantry-inventory-checklist/,pantryGuide,pinterest,pantry-inventory-checklist-pinterest.webp,pending,pending,pending,pending,pending,pending,pending,pending,pending,pending
/pantry-organization/pantry-inventory-checklist/,/pantry-organization/pantry-inventory-checklist/,pantryGuide,og,pantry-inventory-checklist-og.jpg,pending,pending,pending,pending,pending,pending,pending,pending,pending,pending
/pantry-organization/pantry-rotation-system/,/pantry-organization/pantry-rotation-system/,pantryGuide,hero,pantry-rotation-system-hero.avif,pending,pending,pending,pending,pending,pending,pending,pending,pending,pending
/pantry-organization/pantry-rotation-system/,/pantry-organization/pantry-rotation-system/,pantryGuide,support,pantry-rotation-system-support-1.avif,pending,pending,pending,pending,pending,pending,pending,pending,pending,pending
/pantry-organization/pantry-rotation-system/,/pantry-organization/pantry-rotation-system/,pantryGuide,pinterest,pantry-rotation-system-pinterest.webp,pending,pending,pending,pending,pending,pending,pending,pending,pending,pending
/pantry-organization/pantry-rotation-system/,/pantry-organization/pantry-rotation-system/,pantryGuide,og,pantry-rotation-system-og.jpg,pending,pending,pending,pending,pending,pending,pending,pending,pending,pending
/pantry-organization/pantry-zones-and-layout/,/pantry-organization/pantry-zones-and-layout/,pantryGuide,hero,pantry-zones-layout-hero.avif,pending,pending,pending,pending,pending,pending,pending,pending,pending,pending
/pantry-organization/pantry-zones-and-layout/,/pantry-organization/pantry-zones-and-layout/,pantryGuide,support,pantry-zones-layout-support-1.avif,pending,pending,pending,pending,pending,pending,pending,pending,pending,pending
/pantry-organization/pantry-zones-and-layout/,/pantry-organization/pantry-zones-and-layout/,pantryGuide,pinterest,pantry-zones-layout-pinterest.webp,pending,pending,pending,pending,pending,pending,pending,pending,pending,pending
/pantry-organization/pantry-zones-and-layout/,/pantry-organization/pantry-zones-and-layout/,pantryGuide,og,pantry-zones-layout-og.jpg,pending,pending,pending,pending,pending,pending,pending,pending,pending,pending
/pantry-organization/seasonal-pantry-cleanout/,/pantry-organization/seasonal-pantry-cleanout/,pantryGuide,hero,seasonal-pantry-cleanout-hero.avif,pending,pending,pending,pending,pending,pending,pending,pending,pending,pending
/pantry-organization/seasonal-pantry-cleanout/,/pantry-organization/seasonal-pantry-cleanout/,pantryGuide,support,seasonal-pantry-cleanout-support-1.avif,pending,pending,pending,pending,pending,pending,pending,pending,pending,pending
/pantry-organization/seasonal-pantry-cleanout/,/pantry-organization/seasonal-pantry-cleanout/,pantryGuide,pinterest,seasonal-pantry-cleanout-pinterest.webp,pending,pending,pending,pending,pending,pending,pending,pending,pending,pending
/pantry-organization/seasonal-pantry-cleanout/,/pantry-organization/seasonal-pantry-cleanout/,pantryGuide,og,seasonal-pantry-cleanout-og.jpg,pending,pending,pending,pending,pending,pending,pending,pending,pending,pending
/pantry-organization/small-pantry-organization/,/pantry-organization/small-pantry-organization/,pantryGuide,hero,small-pantry-organization-hero.avif,pending,pending,pending,pending,pending,pending,pending,pending,pending,pending
/pantry-organization/small-pantry-organization/,/pantry-organization/small-pantry-organization/,pantryGuide,support,small-pantry-organization-support-1.avif,pending,pending,pending,pending,pending,pending,pending,pending,pending,pending
/pantry-organization/small-pantry-organization/,/pantry-organization/small-pantry-organization/,pantryGuide,pinterest,small-pantry-organization-pinterest.webp,pending,pending,pending,pending,pending,pending,pending,pending,pending,pending
/pantry-organization/small-pantry-organization/,/pantry-organization/small-pantry-organization/,pantryGuide,og,small-pantry-organization-og.jpg,pending,pending,pending,pending,pending,pending,pending,pending,pending,pending
/pantry-organization/the-fifo-pantry-system/,/pantry-organization/the-fifo-pantry-system/,pantryGuide,hero,fifo-pantry-system-hero.avif,pending,pending,pending,pending,pending,pending,pending,pending,pending,pending
/pantry-organization/the-fifo-pantry-system/,/pantry-organization/the-fifo-pantry-system/,pantryGuide,support,fifo-pantry-system-support-1.avif,pending,pending,pending,pending,pending,pending,pending,pending,pending,pending
/pantry-organization/the-fifo-pantry-system/,/pantry-organization/the-fifo-pantry-system/,pantryGuide,pinterest,fifo-pantry-system-pinterest.webp,pending,pending,pending,pending,pending,pending,pending,pending,pending,pending
/pantry-organization/the-fifo-pantry-system/,/pantry-organization/the-fifo-pantry-system/,pantryGuide,og,fifo-pantry-system-og.jpg,pending,pending,pending,pending,pending,pending,pending,pending,pending,pending
/pantry-organization/,/pantry-organization/,pillar,hero,pantry-organization-hero.avif,pending,pending,pending,pending,pending,pending,pending,pending,pending,pending
/pantry-organization/,/pantry-organization/,pillar,pinterest,pantry-organization-pinterest.webp,pending,pending,pending,pending,pending,pending,pending,pending,pending,pending
/pantry-organization/,/pantry-organization/,pillar,og,pantry-organization-og.jpg,pending,pending,pending,pending,pending,pending,pending,pending,pending,pending
/shelf-life/dairy/how-long-does-butter-last/,/shelf-life/dairy/how-long-does-butter-last/,shelfLife,hero,butter-storage-hero.avif,pending,pending,pending,pending,pending,pending,pending,pending,pending,pending
/shelf-life/dairy/how-long-does-butter-last/,/shelf-life/dairy/how-long-does-butter-last/,shelfLife,support,butter-storage-support-1.avif,pending,pending,pending,pending,pending,pending,pending,pending,pending,pending
/shelf-life/dairy/how-long-does-butter-last/,/shelf-life/dairy/how-long-does-butter-last/,shelfLife,pinterest,butter-storage-pinterest.webp,pending,pending,pending,pending,pending,pending,pending,pending,pending,pending
/shelf-life/dairy/how-long-does-butter-last/,/shelf-life/dairy/how-long-does-butter-last/,shelfLife,og,butter-storage-og.jpg,pending,pending,pending,pending,pending,pending,pending,pending,pending,pending
/shelf-life/dairy/how-long-does-cheese-last/,/shelf-life/dairy/how-long-does-cheese-last/,shelfLife,hero,cheese-storage-hero.avif,pending,pending,pending,pending,pending,pending,pending,pending,pending,pending
/shelf-life/dairy/how-long-does-cheese-last/,/shelf-life/dairy/how-long-does-cheese-last/,shelfLife,support,cheese-storage-support-1.avif,pending,pending,pending,pending,pending,pending,pending,pending,pending,pending
/shelf-life/dairy/how-long-does-cheese-last/,/shelf-life/dairy/how-long-does-cheese-last/,shelfLife,pinterest,cheese-storage-pinterest.webp,pending,pending,pending,pending,pending,pending,pending,pending,pending,pending
/shelf-life/dairy/how-long-does-cheese-last/,/shelf-life/dairy/how-long-does-cheese-last/,shelfLife,og,cheese-storage-og.jpg,pending,pending,pending,pending,pending,pending,pending,pending,pending,pending
/shelf-life/dairy/how-long-does-eggs-last/,/shelf-life/dairy/how-long-does-eggs-last/,shelfLife,hero,eggs-storage-hero.avif,pending,pending,pending,pending,pending,pending,pending,pending,pending,pending
/shelf-life/dairy/how-long-does-eggs-last/,/shelf-life/dairy/how-long-does-eggs-last/,shelfLife,support,eggs-storage-support-1.avif,pending,pending,pending,pending,pending,pending,pending,pending,pending,pending
/shelf-life/dairy/how-long-does-eggs-last/,/shelf-life/dairy/how-long-does-eggs-last/,shelfLife,pinterest,eggs-storage-pinterest.webp,pending,pending,pending,pending,pending,pending,pending,pending,pending,pending
/shelf-life/dairy/how-long-does-eggs-last/,/shelf-life/dairy/how-long-does-eggs-last/,shelfLife,og,eggs-storage-og.jpg,pending,pending,pending,pending,pending,pending,pending,pending,pending,pending
/shelf-life/dairy/how-long-does-milk-last/,/shelf-life/dairy/how-long-does-milk-last/,shelfLife,hero,milk-storage-hero.avif,pending,pending,pending,pending,pending,pending,pending,pending,pending,pending
/shelf-life/dairy/how-long-does-milk-last/,/shelf-life/dairy/how-long-does-milk-last/,shelfLife,support,milk-storage-support-1.avif,pending,pending,pending,pending,pending,pending,pending,pending,pending,pending
/shelf-life/dairy/how-long-does-milk-last/,/shelf-life/dairy/how-long-does-milk-last/,shelfLife,pinterest,milk-storage-pinterest.webp,pending,pending,pending,pending,pending,pending,pending,pending,pending,pending
/shelf-life/dairy/how-long-does-milk-last/,/shelf-life/dairy/how-long-does-milk-last/,shelfLife,og,milk-storage-og.jpg,pending,pending,pending,pending,pending,pending,pending,pending,pending,pending
/shelf-life/dairy/how-long-does-yogurt-last/,/shelf-life/dairy/how-long-does-yogurt-last/,shelfLife,hero,yogurt-storage-hero.avif,pending,pending,pending,pending,pending,pending,pending,pending,pending,pending
/shelf-life/dairy/how-long-does-yogurt-last/,/shelf-life/dairy/how-long-does-yogurt-last/,shelfLife,support,yogurt-storage-support-1.avif,pending,pending,pending,pending,pending,pending,pending,pending,pending,pending
/shelf-life/dairy/how-long-does-yogurt-last/,/shelf-life/dairy/how-long-does-yogurt-last/,shelfLife,pinterest,yogurt-storage-pinterest.webp,pending,pending,pending,pending,pending,pending,pending,pending,pending,pending
/shelf-life/dairy/how-long-does-yogurt-last/,/shelf-life/dairy/how-long-does-yogurt-last/,shelfLife,og,yogurt-storage-og.jpg,pending,pending,pending,pending,pending,pending,pending,pending,pending,pending
/shelf-life/dairy/,/shelf-life/dairy/,category,hero,dairy-egg-shelf-life-hero.avif,pending,pending,pending,pending,pending,pending,pending,pending,pending,pending
/shelf-life/dairy/,/shelf-life/dairy/,category,pinterest,dairy-egg-shelf-life-pinterest.webp,pending,pending,pending,pending,pending,pending,pending,pending,pending,pending
/shelf-life/dairy/,/shelf-life/dairy/,category,og,dairy-egg-shelf-life-og.jpg,pending,pending,pending,pending,pending,pending,pending,pending,pending,pending
/shelf-life/freezer/,/shelf-life/freezer/,category,hero,frozen-food-shelf-life-hero.avif,pending,pending,pending,pending,pending,pending,pending,pending,pending,pending
/shelf-life/freezer/,/shelf-life/freezer/,category,pinterest,frozen-food-shelf-life-pinterest.webp,pending,pending,pending,pending,pending,pending,pending,pending,pending,pending
/shelf-life/freezer/,/shelf-life/freezer/,category,og,frozen-food-shelf-life-og.jpg,pending,pending,pending,pending,pending,pending,pending,pending,pending,pending
/shelf-life/meat/how-long-does-chicken-last/,/shelf-life/meat/how-long-does-chicken-last/,shelfLife,hero,chicken-storage-hero.avif,pending,pending,pending,pending,pending,pending,pending,pending,pending,pending
/shelf-life/meat/how-long-does-chicken-last/,/shelf-life/meat/how-long-does-chicken-last/,shelfLife,support,chicken-storage-support-1.avif,pending,pending,pending,pending,pending,pending,pending,pending,pending,pending
/shelf-life/meat/how-long-does-chicken-last/,/shelf-life/meat/how-long-does-chicken-last/,shelfLife,pinterest,chicken-storage-pinterest.webp,pending,pending,pending,pending,pending,pending,pending,pending,pending,pending
/shelf-life/meat/how-long-does-chicken-last/,/shelf-life/meat/how-long-does-chicken-last/,shelfLife,og,chicken-storage-og.jpg,pending,pending,pending,pending,pending,pending,pending,pending,pending,pending
/shelf-life/meat/how-long-does-ground-beef-last/,/shelf-life/meat/how-long-does-ground-beef-last/,shelfLife,hero,ground-beef-storage-hero.avif,pending,pending,pending,pending,pending,pending,pending,pending,pending,pending
/shelf-life/meat/how-long-does-ground-beef-last/,/shelf-life/meat/how-long-does-ground-beef-last/,shelfLife,support,ground-beef-storage-support-1.avif,pending,pending,pending,pending,pending,pending,pending,pending,pending,pending
/shelf-life/meat/how-long-does-ground-beef-last/,/shelf-life/meat/how-long-does-ground-beef-last/,shelfLife,pinterest,ground-beef-storage-pinterest.webp,pending,pending,pending,pending,pending,pending,pending,pending,pending,pending
/shelf-life/meat/how-long-does-ground-beef-last/,/shelf-life/meat/how-long-does-ground-beef-last/,shelfLife,og,ground-beef-storage-og.jpg,pending,pending,pending,pending,pending,pending,pending,pending,pending,pending
/shelf-life/meat/how-long-does-salmon-last/,/shelf-life/meat/how-long-does-salmon-last/,shelfLife,hero,salmon-storage-hero.avif,pending,pending,pending,pending,pending,pending,pending,pending,pending,pending
/shelf-life/meat/how-long-does-salmon-last/,/shelf-life/meat/how-long-does-salmon-last/,shelfLife,support,salmon-storage-support-1.avif,pending,pending,pending,pending,pending,pending,pending,pending,pending,pending
/shelf-life/meat/how-long-does-salmon-last/,/shelf-life/meat/how-long-does-salmon-last/,shelfLife,pinterest,salmon-storage-pinterest.webp,pending,pending,pending,pending,pending,pending,pending,pending,pending,pending
/shelf-life/meat/how-long-does-salmon-last/,/shelf-life/meat/how-long-does-salmon-last/,shelfLife,og,salmon-storage-og.jpg,pending,pending,pending,pending,pending,pending,pending,pending,pending,pending
/shelf-life/meat/how-long-does-steak-last/,/shelf-life/meat/how-long-does-steak-last/,shelfLife,hero,steak-storage-hero.avif,pending,pending,pending,pending,pending,pending,pending,pending,pending,pending
/shelf-life/meat/how-long-does-steak-last/,/shelf-life/meat/how-long-does-steak-last/,shelfLife,support,steak-storage-support-1.avif,pending,pending,pending,pending,pending,pending,pending,pending,pending,pending
/shelf-life/meat/how-long-does-steak-last/,/shelf-life/meat/how-long-does-steak-last/,shelfLife,pinterest,steak-storage-pinterest.webp,pending,pending,pending,pending,pending,pending,pending,pending,pending,pending
/shelf-life/meat/how-long-does-steak-last/,/shelf-life/meat/how-long-does-steak-last/,shelfLife,og,steak-storage-og.jpg,pending,pending,pending,pending,pending,pending,pending,pending,pending,pending
/shelf-life/meat/,/shelf-life/meat/,category,hero,meat-seafood-shelf-life-hero.avif,pending,pending,pending,pending,pending,pending,pending,pending,pending,pending
/shelf-life/meat/,/shelf-life/meat/,category,pinterest,meat-seafood-shelf-life-pinterest.webp,pending,pending,pending,pending,pending,pending,pending,pending,pending,pending
/shelf-life/meat/,/shelf-life/meat/,category,og,meat-seafood-shelf-life-og.jpg,pending,pending,pending,pending,pending,pending,pending,pending,pending,pending
/shelf-life/pantry/how-long-does-bread-last/,/shelf-life/pantry/how-long-does-bread-last/,shelfLife,hero,bread-storage-hero.avif,pending,pending,pending,pending,pending,pending,pending,pending,pending,pending
/shelf-life/pantry/how-long-does-bread-last/,/shelf-life/pantry/how-long-does-bread-last/,shelfLife,support,bread-storage-support-1.avif,pending,pending,pending,pending,pending,pending,pending,pending,pending,pending
/shelf-life/pantry/how-long-does-bread-last/,/shelf-life/pantry/how-long-does-bread-last/,shelfLife,pinterest,bread-storage-pinterest.webp,pending,pending,pending,pending,pending,pending,pending,pending,pending,pending
/shelf-life/pantry/how-long-does-bread-last/,/shelf-life/pantry/how-long-does-bread-last/,shelfLife,og,bread-storage-og.jpg,pending,pending,pending,pending,pending,pending,pending,pending,pending,pending
/shelf-life/pantry/how-long-does-canned-food-last/,/shelf-life/pantry/how-long-does-canned-food-last/,shelfLife,hero,canned-food-storage-hero.avif,pending,pending,pending,pending,pending,pending,pending,pending,pending,pending
/shelf-life/pantry/how-long-does-canned-food-last/,/shelf-life/pantry/how-long-does-canned-food-last/,shelfLife,support,canned-food-storage-support-1.avif,pending,pending,pending,pending,pending,pending,pending,pending,pending,pending
/shelf-life/pantry/how-long-does-canned-food-last/,/shelf-life/pantry/how-long-does-canned-food-last/,shelfLife,pinterest,canned-food-storage-pinterest.webp,pending,pending,pending,pending,pending,pending,pending,pending,pending,pending
/shelf-life/pantry/how-long-does-canned-food-last/,/shelf-life/pantry/how-long-does-canned-food-last/,shelfLife,og,canned-food-storage-og.jpg,pending,pending,pending,pending,pending,pending,pending,pending,pending,pending
/shelf-life/pantry/how-long-does-coffee-last/,/shelf-life/pantry/how-long-does-coffee-last/,shelfLife,hero,coffee-storage-hero.avif,pending,pending,pending,pending,pending,pending,pending,pending,pending,pending
/shelf-life/pantry/how-long-does-coffee-last/,/shelf-life/pantry/how-long-does-coffee-last/,shelfLife,support,coffee-storage-support-1.avif,pending,pending,pending,pending,pending,pending,pending,pending,pending,pending
/shelf-life/pantry/how-long-does-coffee-last/,/shelf-life/pantry/how-long-does-coffee-last/,shelfLife,pinterest,coffee-storage-pinterest.webp,pending,pending,pending,pending,pending,pending,pending,pending,pending,pending
/shelf-life/pantry/how-long-does-coffee-last/,/shelf-life/pantry/how-long-does-coffee-last/,shelfLife,og,coffee-storage-og.jpg,pending,pending,pending,pending,pending,pending,pending,pending,pending,pending
/shelf-life/pantry/how-long-does-cooked-rice-last/,/shelf-life/pantry/how-long-does-cooked-rice-last/,shelfLife,hero,cooked-rice-storage-hero.avif,pending,pending,pending,pending,pending,pending,pending,pending,pending,pending
/shelf-life/pantry/how-long-does-cooked-rice-last/,/shelf-life/pantry/how-long-does-cooked-rice-last/,shelfLife,support,cooked-rice-storage-support-1.avif,pending,pending,pending,pending,pending,pending,pending,pending,pending,pending
/shelf-life/pantry/how-long-does-cooked-rice-last/,/shelf-life/pantry/how-long-does-cooked-rice-last/,shelfLife,pinterest,cooked-rice-storage-pinterest.webp,pending,pending,pending,pending,pending,pending,pending,pending,pending,pending
/shelf-life/pantry/how-long-does-cooked-rice-last/,/shelf-life/pantry/how-long-does-cooked-rice-last/,shelfLife,og,cooked-rice-storage-og.jpg,pending,pending,pending,pending,pending,pending,pending,pending,pending,pending
/shelf-life/pantry/how-long-does-flour-last/,/shelf-life/pantry/how-long-does-flour-last/,shelfLife,hero,flour-storage-hero.avif,pending,pending,pending,pending,pending,pending,pending,pending,pending,pending
/shelf-life/pantry/how-long-does-flour-last/,/shelf-life/pantry/how-long-does-flour-last/,shelfLife,support,flour-storage-support-1.avif,pending,pending,pending,pending,pending,pending,pending,pending,pending,pending
/shelf-life/pantry/how-long-does-flour-last/,/shelf-life/pantry/how-long-does-flour-last/,shelfLife,pinterest,flour-storage-pinterest.webp,pending,pending,pending,pending,pending,pending,pending,pending,pending,pending
/shelf-life/pantry/how-long-does-flour-last/,/shelf-life/pantry/how-long-does-flour-last/,shelfLife,og,flour-storage-og.jpg,pending,pending,pending,pending,pending,pending,pending,pending,pending,pending
/shelf-life/pantry/how-long-does-honey-last/,/shelf-life/pantry/how-long-does-honey-last/,shelfLife,hero,honey-storage-hero.avif,pending,pending,pending,pending,pending,pending,pending,pending,pending,pending
/shelf-life/pantry/how-long-does-honey-last/,/shelf-life/pantry/how-long-does-honey-last/,shelfLife,support,honey-storage-support-1.avif,pending,pending,pending,pending,pending,pending,pending,pending,pending,pending
/shelf-life/pantry/how-long-does-honey-last/,/shelf-life/pantry/how-long-does-honey-last/,shelfLife,pinterest,honey-storage-pinterest.webp,pending,pending,pending,pending,pending,pending,pending,pending,pending,pending
/shelf-life/pantry/how-long-does-honey-last/,/shelf-life/pantry/how-long-does-honey-last/,shelfLife,og,honey-storage-og.jpg,pending,pending,pending,pending,pending,pending,pending,pending,pending,pending
/shelf-life/pantry/how-long-does-pasta-last/,/shelf-life/pantry/how-long-does-pasta-last/,shelfLife,hero,pasta-storage-hero.avif,pending,pending,pending,pending,pending,pending,pending,pending,pending,pending
/shelf-life/pantry/how-long-does-pasta-last/,/shelf-life/pantry/how-long-does-pasta-last/,shelfLife,support,pasta-storage-support-1.avif,pending,pending,pending,pending,pending,pending,pending,pending,pending,pending
/shelf-life/pantry/how-long-does-pasta-last/,/shelf-life/pantry/how-long-does-pasta-last/,shelfLife,pinterest,pasta-storage-pinterest.webp,pending,pending,pending,pending,pending,pending,pending,pending,pending,pending
/shelf-life/pantry/how-long-does-pasta-last/,/shelf-life/pantry/how-long-does-pasta-last/,shelfLife,og,pasta-storage-og.jpg,pending,pending,pending,pending,pending,pending,pending,pending,pending,pending
/shelf-life/pantry/how-long-does-rice-last/,/shelf-life/pantry/how-long-does-rice-last/,shelfLife,hero,rice-storage-hero.avif,pending,pending,pending,pending,pending,pending,pending,pending,pending,pending
/shelf-life/pantry/how-long-does-rice-last/,/shelf-life/pantry/how-long-does-rice-last/,shelfLife,support,rice-storage-support-1.avif,pending,pending,pending,pending,pending,pending,pending,pending,pending,pending
/shelf-life/pantry/how-long-does-rice-last/,/shelf-life/pantry/how-long-does-rice-last/,shelfLife,pinterest,rice-storage-pinterest.webp,pending,pending,pending,pending,pending,pending,pending,pending,pending,pending
/shelf-life/pantry/how-long-does-rice-last/,/shelf-life/pantry/how-long-does-rice-last/,shelfLife,og,rice-storage-og.jpg,pending,pending,pending,pending,pending,pending,pending,pending,pending,pending
/shelf-life/pantry/,/shelf-life/pantry/,category,hero,pantry-food-shelf-life-hero.avif,pending,pending,pending,pending,pending,pending,pending,pending,pending,pending
/shelf-life/pantry/,/shelf-life/pantry/,category,pinterest,pantry-food-shelf-life-pinterest.webp,pending,pending,pending,pending,pending,pending,pending,pending,pending,pending
/shelf-life/pantry/,/shelf-life/pantry/,category,og,pantry-food-shelf-life-og.jpg,pending,pending,pending,pending,pending,pending,pending,pending,pending,pending
/shelf-life/produce/how-long-does-apples-last/,/shelf-life/produce/how-long-does-apples-last/,shelfLife,hero,apples-storage-hero.avif,pending,pending,pending,pending,pending,pending,pending,pending,pending,pending
/shelf-life/produce/how-long-does-apples-last/,/shelf-life/produce/how-long-does-apples-last/,shelfLife,support,apples-storage-support-1.avif,pending,pending,pending,pending,pending,pending,pending,pending,pending,pending
/shelf-life/produce/how-long-does-apples-last/,/shelf-life/produce/how-long-does-apples-last/,shelfLife,pinterest,apples-storage-pinterest.webp,pending,pending,pending,pending,pending,pending,pending,pending,pending,pending
/shelf-life/produce/how-long-does-apples-last/,/shelf-life/produce/how-long-does-apples-last/,shelfLife,og,apples-storage-og.jpg,pending,pending,pending,pending,pending,pending,pending,pending,pending,pending
/shelf-life/produce/how-long-does-bananas-last/,/shelf-life/produce/how-long-does-bananas-last/,shelfLife,hero,bananas-storage-hero.avif,pending,pending,pending,pending,pending,pending,pending,pending,pending,pending
/shelf-life/produce/how-long-does-bananas-last/,/shelf-life/produce/how-long-does-bananas-last/,shelfLife,support,bananas-storage-support-1.avif,pending,pending,pending,pending,pending,pending,pending,pending,pending,pending
/shelf-life/produce/how-long-does-bananas-last/,/shelf-life/produce/how-long-does-bananas-last/,shelfLife,pinterest,bananas-storage-pinterest.webp,pending,pending,pending,pending,pending,pending,pending,pending,pending,pending
/shelf-life/produce/how-long-does-bananas-last/,/shelf-life/produce/how-long-does-bananas-last/,shelfLife,og,bananas-storage-og.jpg,pending,pending,pending,pending,pending,pending,pending,pending,pending,pending
/shelf-life/produce/how-long-does-lettuce-last/,/shelf-life/produce/how-long-does-lettuce-last/,shelfLife,hero,lettuce-storage-hero.avif,pending,pending,pending,pending,pending,pending,pending,pending,pending,pending
/shelf-life/produce/how-long-does-lettuce-last/,/shelf-life/produce/how-long-does-lettuce-last/,shelfLife,support,lettuce-storage-support-1.avif,pending,pending,pending,pending,pending,pending,pending,pending,pending,pending
/shelf-life/produce/how-long-does-lettuce-last/,/shelf-life/produce/how-long-does-lettuce-last/,shelfLife,pinterest,lettuce-storage-pinterest.webp,pending,pending,pending,pending,pending,pending,pending,pending,pending,pending
/shelf-life/produce/how-long-does-lettuce-last/,/shelf-life/produce/how-long-does-lettuce-last/,shelfLife,og,lettuce-storage-og.jpg,pending,pending,pending,pending,pending,pending,pending,pending,pending,pending
/shelf-life/produce/how-long-does-mushrooms-last/,/shelf-life/produce/how-long-does-mushrooms-last/,shelfLife,hero,mushrooms-storage-hero.avif,pending,pending,pending,pending,pending,pending,pending,pending,pending,pending
/shelf-life/produce/how-long-does-mushrooms-last/,/shelf-life/produce/how-long-does-mushrooms-last/,shelfLife,support,mushrooms-storage-support-1.avif,pending,pending,pending,pending,pending,pending,pending,pending,pending,pending
/shelf-life/produce/how-long-does-mushrooms-last/,/shelf-life/produce/how-long-does-mushrooms-last/,shelfLife,pinterest,mushrooms-storage-pinterest.webp,pending,pending,pending,pending,pending,pending,pending,pending,pending,pending
/shelf-life/produce/how-long-does-mushrooms-last/,/shelf-life/produce/how-long-does-mushrooms-last/,shelfLife,og,mushrooms-storage-og.jpg,pending,pending,pending,pending,pending,pending,pending,pending,pending,pending
/shelf-life/produce/how-long-does-onions-last/,/shelf-life/produce/how-long-does-onions-last/,shelfLife,hero,onions-storage-hero.avif,pending,pending,pending,pending,pending,pending,pending,pending,pending,pending
/shelf-life/produce/how-long-does-onions-last/,/shelf-life/produce/how-long-does-onions-last/,shelfLife,support,onions-storage-support-1.avif,pending,pending,pending,pending,pending,pending,pending,pending,pending,pending
/shelf-life/produce/how-long-does-onions-last/,/shelf-life/produce/how-long-does-onions-last/,shelfLife,pinterest,onions-storage-pinterest.webp,pending,pending,pending,pending,pending,pending,pending,pending,pending,pending
/shelf-life/produce/how-long-does-onions-last/,/shelf-life/produce/how-long-does-onions-last/,shelfLife,og,onions-storage-og.jpg,pending,pending,pending,pending,pending,pending,pending,pending,pending,pending
/shelf-life/produce/how-long-does-potatoes-last/,/shelf-life/produce/how-long-does-potatoes-last/,shelfLife,hero,potatoes-storage-hero.avif,pending,pending,pending,pending,pending,pending,pending,pending,pending,pending
/shelf-life/produce/how-long-does-potatoes-last/,/shelf-life/produce/how-long-does-potatoes-last/,shelfLife,support,potatoes-storage-support-1.avif,pending,pending,pending,pending,pending,pending,pending,pending,pending,pending
/shelf-life/produce/how-long-does-potatoes-last/,/shelf-life/produce/how-long-does-potatoes-last/,shelfLife,pinterest,potatoes-storage-pinterest.webp,pending,pending,pending,pending,pending,pending,pending,pending,pending,pending
/shelf-life/produce/how-long-does-potatoes-last/,/shelf-life/produce/how-long-does-potatoes-last/,shelfLife,og,potatoes-storage-og.jpg,pending,pending,pending,pending,pending,pending,pending,pending,pending,pending
/shelf-life/produce/how-long-does-strawberries-last/,/shelf-life/produce/how-long-does-strawberries-last/,shelfLife,hero,strawberries-storage-hero.avif,pending,pending,pending,pending,pending,pending,pending,pending,pending,pending
/shelf-life/produce/how-long-does-strawberries-last/,/shelf-life/produce/how-long-does-strawberries-last/,shelfLife,support,strawberries-storage-support-1.avif,pending,pending,pending,pending,pending,pending,pending,pending,pending,pending
/shelf-life/produce/how-long-does-strawberries-last/,/shelf-life/produce/how-long-does-strawberries-last/,shelfLife,pinterest,strawberries-storage-pinterest.webp,pending,pending,pending,pending,pending,pending,pending,pending,pending,pending
/shelf-life/produce/how-long-does-strawberries-last/,/shelf-life/produce/how-long-does-strawberries-last/,shelfLife,og,strawberries-storage-og.jpg,pending,pending,pending,pending,pending,pending,pending,pending,pending,pending
/shelf-life/produce/how-long-does-tomatoes-last/,/shelf-life/produce/how-long-does-tomatoes-last/,shelfLife,hero,tomatoes-storage-hero.avif,pending,pending,pending,pending,pending,pending,pending,pending,pending,pending
/shelf-life/produce/how-long-does-tomatoes-last/,/shelf-life/produce/how-long-does-tomatoes-last/,shelfLife,support,tomatoes-storage-support-1.avif,pending,pending,pending,pending,pending,pending,pending,pending,pending,pending
/shelf-life/produce/how-long-does-tomatoes-last/,/shelf-life/produce/how-long-does-tomatoes-last/,shelfLife,pinterest,tomatoes-storage-pinterest.webp,pending,pending,pending,pending,pending,pending,pending,pending,pending,pending
/shelf-life/produce/how-long-does-tomatoes-last/,/shelf-life/produce/how-long-does-tomatoes-last/,shelfLife,og,tomatoes-storage-og.jpg,pending,pending,pending,pending,pending,pending,pending,pending,pending,pending
/shelf-life/produce/,/shelf-life/produce/,category,hero,produce-shelf-life-hero.avif,pending,pending,pending,pending,pending,pending,pending,pending,pending,pending
/shelf-life/produce/,/shelf-life/produce/,category,pinterest,produce-shelf-life-pinterest.webp,pending,pending,pending,pending,pending,pending,pending,pending,pending,pending
/shelf-life/produce/,/shelf-life/produce/,category,og,produce-shelf-life-og.jpg,pending,pending,pending,pending,pending,pending,pending,pending,pending,pending
/shelf-life/,/shelf-life/,pillar,hero,food-shelf-life-chart-hero.avif,pending,pending,pending,pending,pending,pending,pending,pending,pending,pending
/shelf-life/,/shelf-life/,pillar,pinterest,food-shelf-life-chart-pinterest.webp,pending,pending,pending,pending,pending,pending,pending,pending,pending,pending
/shelf-life/,/shelf-life/,pillar,og,food-shelf-life-chart-og.jpg,pending,pending,pending,pending,pending,pending,pending,pending,pending,pending
/storage-methods/canning/canning-basics-for-beginners/,/storage-methods/canning/canning-basics-for-beginners/,guide,hero,canning-basics-beginners-hero.avif,pending,pending,pending,pending,pending,pending,pending,pending,pending,pending
/storage-methods/canning/canning-basics-for-beginners/,/storage-methods/canning/canning-basics-for-beginners/,guide,support,canning-basics-beginners-support-1.avif,pending,pending,pending,pending,pending,pending,pending,pending,pending,pending
/storage-methods/canning/canning-basics-for-beginners/,/storage-methods/canning/canning-basics-for-beginners/,guide,pinterest,canning-basics-beginners-pinterest.webp,pending,pending,pending,pending,pending,pending,pending,pending,pending,pending
/storage-methods/canning/canning-basics-for-beginners/,/storage-methods/canning/canning-basics-for-beginners/,guide,og,canning-basics-beginners-og.jpg,pending,pending,pending,pending,pending,pending,pending,pending,pending,pending
/storage-methods/dry-goods/how-to-store-dry-goods/,/storage-methods/dry-goods/how-to-store-dry-goods/,guide,hero,store-dry-goods-hero.avif,pending,pending,pending,pending,pending,pending,pending,pending,pending,pending
/storage-methods/dry-goods/how-to-store-dry-goods/,/storage-methods/dry-goods/how-to-store-dry-goods/,guide,support,store-dry-goods-support-1.avif,pending,pending,pending,pending,pending,pending,pending,pending,pending,pending
/storage-methods/dry-goods/how-to-store-dry-goods/,/storage-methods/dry-goods/how-to-store-dry-goods/,guide,pinterest,store-dry-goods-pinterest.webp,pending,pending,pending,pending,pending,pending,pending,pending,pending,pending
/storage-methods/dry-goods/how-to-store-dry-goods/,/storage-methods/dry-goods/how-to-store-dry-goods/,guide,og,store-dry-goods-og.jpg,pending,pending,pending,pending,pending,pending,pending,pending,pending,pending
/storage-methods/food-safety/food-safety-temperature-guide/,/storage-methods/food-safety/food-safety-temperature-guide/,guide,hero,food-safety-temperature-guid-hero.avif,pending,pending,pending,pending,pending,pending,pending,pending,pending,pending
/storage-methods/food-safety/food-safety-temperature-guide/,/storage-methods/food-safety/food-safety-temperature-guide/,guide,support,food-safety-temperature-guid-support-1.avif,pending,pending,pending,pending,pending,pending,pending,pending,pending,pending
/storage-methods/food-safety/food-safety-temperature-guide/,/storage-methods/food-safety/food-safety-temperature-guide/,guide,pinterest,food-safety-temperature-guid-pinterest.webp,pending,pending,pending,pending,pending,pending,pending,pending,pending,pending
/storage-methods/food-safety/food-safety-temperature-guide/,/storage-methods/food-safety/food-safety-temperature-guide/,guide,og,food-safety-temperature-guid-og.jpg,pending,pending,pending,pending,pending,pending,pending,pending,pending,pending
/storage-methods/freezing/how-to-freeze-fruit/,/storage-methods/freezing/how-to-freeze-fruit/,guide,hero,freeze-fruit-hero.avif,pending,pending,pending,pending,pending,pending,pending,pending,pending,pending
/storage-methods/freezing/how-to-freeze-fruit/,/storage-methods/freezing/how-to-freeze-fruit/,guide,support,freeze-fruit-support-1.avif,pending,pending,pending,pending,pending,pending,pending,pending,pending,pending
/storage-methods/freezing/how-to-freeze-fruit/,/storage-methods/freezing/how-to-freeze-fruit/,guide,pinterest,freeze-fruit-pinterest.webp,pending,pending,pending,pending,pending,pending,pending,pending,pending,pending
/storage-methods/freezing/how-to-freeze-fruit/,/storage-methods/freezing/how-to-freeze-fruit/,guide,og,freeze-fruit-og.jpg,pending,pending,pending,pending,pending,pending,pending,pending,pending,pending
/storage-methods/freezing/how-to-freeze-leftovers/,/storage-methods/freezing/how-to-freeze-leftovers/,guide,hero,freeze-leftovers-hero.avif,pending,pending,pending,pending,pending,pending,pending,pending,pending,pending
/storage-methods/freezing/how-to-freeze-leftovers/,/storage-methods/freezing/how-to-freeze-leftovers/,guide,support,freeze-leftovers-support-1.avif,pending,pending,pending,pending,pending,pending,pending,pending,pending,pending
/storage-methods/freezing/how-to-freeze-leftovers/,/storage-methods/freezing/how-to-freeze-leftovers/,guide,pinterest,freeze-leftovers-pinterest.webp,pending,pending,pending,pending,pending,pending,pending,pending,pending,pending
/storage-methods/freezing/how-to-freeze-leftovers/,/storage-methods/freezing/how-to-freeze-leftovers/,guide,og,freeze-leftovers-og.jpg,pending,pending,pending,pending,pending,pending,pending,pending,pending,pending
/storage-methods/freezing/how-to-freeze-meat/,/storage-methods/freezing/how-to-freeze-meat/,guide,hero,freeze-meat-hero.avif,pending,pending,pending,pending,pending,pending,pending,pending,pending,pending
/storage-methods/freezing/how-to-freeze-meat/,/storage-methods/freezing/how-to-freeze-meat/,guide,support,freeze-meat-support-1.avif,pending,pending,pending,pending,pending,pending,pending,pending,pending,pending
/storage-methods/freezing/how-to-freeze-meat/,/storage-methods/freezing/how-to-freeze-meat/,guide,pinterest,freeze-meat-pinterest.webp,pending,pending,pending,pending,pending,pending,pending,pending,pending,pending
/storage-methods/freezing/how-to-freeze-meat/,/storage-methods/freezing/how-to-freeze-meat/,guide,og,freeze-meat-og.jpg,pending,pending,pending,pending,pending,pending,pending,pending,pending,pending
/storage-methods/freezing/how-to-freeze-vegetables/,/storage-methods/freezing/how-to-freeze-vegetables/,guide,hero,freeze-vegetables-hero.avif,pending,pending,pending,pending,pending,pending,pending,pending,pending,pending
/storage-methods/freezing/how-to-freeze-vegetables/,/storage-methods/freezing/how-to-freeze-vegetables/,guide,support,freeze-vegetables-support-1.avif,pending,pending,pending,pending,pending,pending,pending,pending,pending,pending
/storage-methods/freezing/how-to-freeze-vegetables/,/storage-methods/freezing/how-to-freeze-vegetables/,guide,pinterest,freeze-vegetables-pinterest.webp,pending,pending,pending,pending,pending,pending,pending,pending,pending,pending
/storage-methods/freezing/how-to-freeze-vegetables/,/storage-methods/freezing/how-to-freeze-vegetables/,guide,og,freeze-vegetables-og.jpg,pending,pending,pending,pending,pending,pending,pending,pending,pending,pending
/storage-methods/freezing/how-to-prevent-freezer-burn/,/storage-methods/freezing/how-to-prevent-freezer-burn/,guide,hero,prevent-freezer-burn-hero.avif,pending,pending,pending,pending,pending,pending,pending,pending,pending,pending
/storage-methods/freezing/how-to-prevent-freezer-burn/,/storage-methods/freezing/how-to-prevent-freezer-burn/,guide,support,prevent-freezer-burn-support-1.avif,pending,pending,pending,pending,pending,pending,pending,pending,pending,pending
/storage-methods/freezing/how-to-prevent-freezer-burn/,/storage-methods/freezing/how-to-prevent-freezer-burn/,guide,pinterest,prevent-freezer-burn-pinterest.webp,pending,pending,pending,pending,pending,pending,pending,pending,pending,pending
/storage-methods/freezing/how-to-prevent-freezer-burn/,/storage-methods/freezing/how-to-prevent-freezer-burn/,guide,og,prevent-freezer-burn-og.jpg,pending,pending,pending,pending,pending,pending,pending,pending,pending,pending
/storage-methods/refrigerator/how-to-store-food-in-the-refrigerator/,/storage-methods/refrigerator/how-to-store-food-in-the-refrigerator/,guide,hero,store-food-refrigerator-hero.avif,pending,pending,pending,pending,pending,pending,pending,pending,pending,pending
/storage-methods/refrigerator/how-to-store-food-in-the-refrigerator/,/storage-methods/refrigerator/how-to-store-food-in-the-refrigerator/,guide,support,store-food-refrigerator-support-1.avif,pending,pending,pending,pending,pending,pending,pending,pending,pending,pending
/storage-methods/refrigerator/how-to-store-food-in-the-refrigerator/,/storage-methods/refrigerator/how-to-store-food-in-the-refrigerator/,guide,pinterest,store-food-refrigerator-pinterest.webp,pending,pending,pending,pending,pending,pending,pending,pending,pending,pending
/storage-methods/refrigerator/how-to-store-food-in-the-refrigerator/,/storage-methods/refrigerator/how-to-store-food-in-the-refrigerator/,guide,og,store-food-refrigerator-og.jpg,pending,pending,pending,pending,pending,pending,pending,pending,pending,pending
/storage-methods/vacuum-sealing/how-to-vacuum-seal-food/,/storage-methods/vacuum-sealing/how-to-vacuum-seal-food/,guide,hero,vacuum-seal-food-hero.avif,pending,pending,pending,pending,pending,pending,pending,pending,pending,pending
/storage-methods/vacuum-sealing/how-to-vacuum-seal-food/,/storage-methods/vacuum-sealing/how-to-vacuum-seal-food/,guide,support,vacuum-seal-food-support-1.avif,pending,pending,pending,pending,pending,pending,pending,pending,pending,pending
/storage-methods/vacuum-sealing/how-to-vacuum-seal-food/,/storage-methods/vacuum-sealing/how-to-vacuum-seal-food/,guide,pinterest,vacuum-seal-food-pinterest.webp,pending,pending,pending,pending,pending,pending,pending,pending,pending,pending
/storage-methods/vacuum-sealing/how-to-vacuum-seal-food/,/storage-methods/vacuum-sealing/how-to-vacuum-seal-food/,guide,og,vacuum-seal-food-og.jpg,pending,pending,pending,pending,pending,pending,pending,pending,pending,pending
/storage-methods/,/storage-methods/,pillar,hero,food-storage-methods-hero.avif,pending,pending,pending,pending,pending,pending,pending,pending,pending,pending
/storage-methods/,/storage-methods/,pillar,pinterest,food-storage-methods-pinterest.webp,pending,pending,pending,pending,pending,pending,pending,pending,pending,pending
/storage-methods/,/storage-methods/,pillar,og,food-storage-methods-og.jpg,pending,pending,pending,pending,pending,pending,pending,pending,pending,pending
/tools/,/tools/,tool,hero,food-storage-tools-hero.avif,pending,pending,pending,pending,pending,pending,pending,pending,pending,pending
/tools/,/tools/,tool,og,food-storage-tools-og.jpg,pending,pending,pending,pending,pending,pending,pending,pending,pending,pending